well,cell_count,image_file,annotated
B10,668,B10_01_FL3_merge.jpg,B10_01_FL3_merge_annotated.jpg
B11,530,B11_01_FL3_merge.jpg,B11_01_FL3_merge_annotated.jpg
B12,604,B12_01_FL3_merge.jpg,B12_01_FL3_merge_annotated.jpg
B13,618,B13_01_FL3_merge.jpg,B13_01_FL3_merge_annotated.jpg
B14,604,B14_01_FL3_merge.jpg,B14_01_FL3_merge_annotated.jpg
B15,611,B15_01_FL3_merge.jpg,B15_01_FL3_merge_annotated.jpg
B16,535,B16_01_FL3_merge.jpg,B16_01_FL3_merge_annotated.jpg
B17,575,B17_01_FL3_merge.jpg,B17_01_FL3_merge_annotated.jpg
B18,526,B18_01_FL3_merge.jpg,B18_01_FL3_merge_annotated.jpg
B19,500,B19_01_FL3_merge.jpg,B19_01_FL3_merge_annotated.jpg
B20,495,B20_01_FL3_merge.jpg,B20_01_FL3_merge_annotated.jpg
B21,484,B21_01_FL3_merge.jpg,B21_01_FL3_merge_annotated.jpg
B22,460,B22_01_FL3_merge.jpg,B22_01_FL3_merge_annotated.jpg
B2,528,B2_01_FL3_merge.jpg,B2_01_FL3_merge_annotated.jpg
B3,553,B3_01_FL3_merge.jpg,B3_01_FL3_merge_annotated.jpg
B4,597,B4_01_FL3_merge.jpg,B4_01_FL3_merge_annotated.jpg
B5,623,B5_01_FL3_merge.jpg,B5_01_FL3_merge_annotated.jpg
B6,624,B6_01_FL3_merge.jpg,B6_01_FL3_merge_annotated.jpg
B7,586,B7_01_FL3_merge.jpg,B7_01_FL3_merge_annotated.jpg
B8,604,B8_01_FL3_merge.jpg,B8_01_FL3_merge_annotated.jpg
B9,666,B9_01_FL3_merge.jpg,B9_01_FL3_merge_annotated.jpg
C10,598,C10_01_FL3_merge.jpg,C10_01_FL3_merge_annotated.jpg
C11,525,C11_01_FL3_merge.jpg,C11_01_FL3_merge_annotated.jpg
C12,514,C12_01_FL3_merge.jpg,C12_01_FL3_merge_annotated.jpg
C13,536,C13_01_FL3_merge.jpg,C13_01_FL3_merge_annotated.jpg
C14,569,C14_01_FL3_merge.jpg,C14_01_FL3_merge_annotated.jpg
C15,628,C15_01_FL3_merge.jpg,C15_01_FL3_merge_annotated.jpg
C16,633,C16_01_FL3_merge.jpg,C16_01_FL3_merge_annotated.jpg
C17,608,C17_01_FL3_merge.jpg,C17_01_FL3_merge_annotated.jpg
C18,592,C18_01_FL3_merge.jpg,C18_01_FL3_merge_annotated.jpg
C19,534,C19_01_FL3_merge.jpg,C19_01_FL3_merge_annotated.jpg
C20,535,C20_01_FL3_merge.jpg,C20_01_FL3_merge_annotated.jpg
C21,520,C21_01_FL3_merge.jpg,C21_01_FL3_merge_annotated.jpg
C22,697,C22_01_FL3_merge.jpg,C22_01_FL3_merge_annotated.jpg
C2,421,C2_01_FL3_merge.jpg,C2_01_FL3_merge_annotated.jpg
C3,475,C3_01_FL3_merge.jpg,C3_01_FL3_merge_annotated.jpg
C4,496,C4_01_FL3_merge.jpg,C4_01_FL3_merge_annotated.jpg
C5,478,C5_01_FL3_merge.jpg,C5_01_FL3_merge_annotated.jpg
C6,509,C6_01_FL3_merge.jpg,C6_01_FL3_merge_annotated.jpg
C7,540,C7_01_FL3_merge.jpg,C7_01_FL3_merge_annotated.jpg
C8,503,C8_01_FL3_merge.jpg,C8_01_FL3_merge_annotated.jpg
C9,519,C9_01_FL3_merge.jpg,C9_01_FL3_merge_annotated.jpg
D10,657,D10_01_FL3_merge.jpg,D10_01_FL3_merge_annotated.jpg
D11,610,D11_01_FL3_merge.jpg,D11_01_FL3_merge_annotated.jpg
D12,606,D12_01_FL3_merge.jpg,D12_01_FL3_merge_annotated.jpg
D13,628,D13_01_FL3_merge.jpg,D13_01_FL3_merge_annotated.jpg
D14,663,D14_01_FL3_merge.jpg,D14_01_FL3_merge_annotated.jpg
D15,625,D15_01_FL3_merge.jpg,D15_01_FL3_merge_annotated.jpg
D16,596,D16_01_FL3_merge.jpg,D16_01_FL3_merge_annotated.jpg
D17,668,D17_01_FL3_merge.jpg,D17_01_FL3_merge_annotated.jpg
D18,649,D18_01_FL3_merge.jpg,D18_01_FL3_merge_annotated.jpg
D19,588,D19_01_FL3_merge.jpg,D19_01_FL3_merge_annotated.jpg
D20,581,D20_01_FL3_merge.jpg,D20_01_FL3_merge_annotated.jpg
D21,623,D21_01_FL3_merge.jpg,D21_01_FL3_merge_annotated.jpg
D22,564,D22_01_FL3_merge.jpg,D22_01_FL3_merge_annotated.jpg
D2,512,D2_01_FL3_merge.jpg,D2_01_FL3_merge_annotated.jpg
D3,584,D3_01_FL3_merge.jpg,D3_01_FL3_merge_annotated.jpg
D4,574,D4_01_FL3_merge.jpg,D4_01_FL3_merge_annotated.jpg
D5,408,D5_01_FL3_merge.jpg,D5_01_FL3_merge_annotated.jpg
D6,392,D6_01_FL3_merge.jpg,D6_01_FL3_merge_annotated.jpg
D7,377,D7_01_FL3_merge.jpg,D7_01_FL3_merge_annotated.jpg
D8,600,D8_01_FL3_merge.jpg,D8_01_FL3_merge_annotated.jpg
D9,654,D9_01_FL3_merge.jpg,D9_01_FL3_merge_annotated.jpg
E10,548,E10_01_FL3_merge.jpg,E10_01_FL3_merge_annotated.jpg
E11,548,E11_01_FL3_merge.jpg,E11_01_FL3_merge_annotated.jpg
E12,614,E12_01_FL3_merge.jpg,E12_01_FL3_merge_annotated.jpg
E13,644,E13_01_FL3_merge.jpg,E13_01_FL3_merge_annotated.jpg
E14,614,E14_01_FL3_merge.jpg,E14_01_FL3_merge_annotated.jpg
E15,637,E15_01_FL3_merge.jpg,E15_01_FL3_merge_annotated.jpg
E16,662,E16_01_FL3_merge.jpg,E16_01_FL3_merge_annotated.jpg
E17,661,E17_01_FL3_merge.jpg,E17_01_FL3_merge_annotated.jpg
E18,662,E18_01_FL3_merge.jpg,E18_01_FL3_merge_annotated.jpg
E19,675,E19_01_FL3_merge.jpg,E19_01_FL3_merge_annotated.jpg
E20,581,E20_01_FL3_merge.jpg,E20_01_FL3_merge_annotated.jpg
E21,647,E21_01_FL3_merge.jpg,E21_01_FL3_merge_annotated.jpg
E22,640,E22_01_FL3_merge.jpg,E22_01_FL3_merge_annotated.jpg
E2,565,E2_01_FL3_merge.jpg,E2_01_FL3_merge_annotated.jpg
E3,531,E3_01_FL3_merge.jpg,E3_01_FL3_merge_annotated.jpg
E4,636,E4_01_FL3_merge.jpg,E4_01_FL3_merge_annotated.jpg
E5,565,E5_01_FL3_merge.jpg,E5_01_FL3_merge_annotated.jpg
E6,585,E6_01_FL3_merge.jpg,E6_01_FL3_merge_annotated.jpg
E7,579,E7_01_FL3_merge.jpg,E7_01_FL3_merge_annotated.jpg
E8,532,E8_01_FL3_merge.jpg,E8_01_FL3_merge_annotated.jpg
E9,568,E9_01_FL3_merge.jpg,E9_01_FL3_merge_annotated.jpg
F10,591,F10_01_FL3_merge.jpg,F10_01_FL3_merge_annotated.jpg
F11,451,F11_01_FL3_merge.jpg,F11_01_FL3_merge_annotated.jpg
F12,482,F12_01_FL3_merge.jpg,F12_01_FL3_merge_annotated.jpg
F13,513,F13_01_FL3_merge.jpg,F13_01_FL3_merge_annotated.jpg
F14,581,F14_01_FL3_merge.jpg,F14_01_FL3_merge_annotated.jpg
F15,581,F15_01_FL3_merge.jpg,F15_01_FL3_merge_annotated.jpg
F16,488,F16_01_FL3_merge.jpg,F16_01_FL3_merge_annotated.jpg
F18,583,F18_01_FL3_merge.jpg,F18_01_FL3_merge_annotated.jpg
F19,635,F19_01_FL3_merge.jpg,F19_01_FL3_merge_annotated.jpg
F20,540,F20_01_FL3_merge.jpg,F20_01_FL3_merge_annotated.jpg
F21,621,F21_01_FL3_merge.jpg,F21_01_FL3_merge_annotated.jpg
F22,672,F22_01_FL3_merge.jpg,F22_01_FL3_merge_annotated.jpg
F2,539,F2_01_FL3_merge.jpg,F2_01_FL3_merge_annotated.jpg
F3,457,F3_01_FL3_merge.jpg,F3_01_FL3_merge_annotated.jpg
F4,417,F4_01_FL3_merge.jpg,F4_01_FL3_merge_annotated.jpg
F5,505,F5_01_FL3_merge.jpg,F5_01_FL3_merge_annotated.jpg
F6,453,F6_01_FL3_merge.jpg,F6_01_FL3_merge_annotated.jpg
F7,527,F7_01_FL3_merge.jpg,F7_01_FL3_merge_annotated.jpg
F8,441,F8_01_FL3_merge.jpg,F8_01_FL3_merge_annotated.jpg
F9,492,F9_01_FL3_merge.jpg,F9_01_FL3_merge_annotated.jpg
G10,543,G10_01_FL3_merge.jpg,G10_01_FL3_merge_annotated.jpg
G11,494,G11_01_FL3_merge.jpg,G11_01_FL3_merge_annotated.jpg
G12,474,G12_01_FL3_merge.jpg,G12_01_FL3_merge_annotated.jpg
G13,563,G13_01_FL3_merge.jpg,G13_01_FL3_merge_annotated.jpg
G14,552,G14_01_FL3_merge.jpg,G14_01_FL3_merge_annotated.jpg
G15,685,G15_01_FL3_merge.jpg,G15_01_FL3_merge_annotated.jpg
G16,478,G16_01_FL3_merge.jpg,G16_01_FL3_merge_annotated.jpg
G17,621,G17_01_FL3_merge.jpg,G17_01_FL3_merge_annotated.jpg
G18,670,G18_01_FL3_merge.jpg,G18_01_FL3_merge_annotated.jpg
G19,631,G19_01_FL3_merge.jpg,G19_01_FL3_merge_annotated.jpg
G20,593,G20_01_FL3_merge.jpg,G20_01_FL3_merge_annotated.jpg
G21,575,G21_01_FL3_merge.jpg,G21_01_FL3_merge_annotated.jpg
G22,676,G22_01_FL3_merge.jpg,G22_01_FL3_merge_annotated.jpg
G2,488,G2_01_FL3_merge.jpg,G2_01_FL3_merge_annotated.jpg
G3,552,G3_01_FL3_merge.jpg,G3_01_FL3_merge_annotated.jpg
G4,413,G4_01_FL3_merge.jpg,G4_01_FL3_merge_annotated.jpg
G5,457,G5_01_FL3_merge.jpg,G5_01_FL3_merge_annotated.jpg
G6,557,G6_01_FL3_merge.jpg,G6_01_FL3_merge_annotated.jpg
G7,489,G7_01_FL3_merge.jpg,G7_01_FL3_merge_annotated.jpg
G8,557,G8_01_FL3_merge.jpg,G8_01_FL3_merge_annotated.jpg
G9,527,G9_01_FL3_merge.jpg,G9_01_FL3_merge_annotated.jpg
H10,574,H10_01_FL3_merge.jpg,H10_01_FL3_merge_annotated.jpg
H11,534,H11_01_FL3_merge.jpg,H11_01_FL3_merge_annotated.jpg
H12,500,H12_01_FL3_merge.jpg,H12_01_FL3_merge_annotated.jpg
H13,541,H13_01_FL3_merge.jpg,H13_01_FL3_merge_annotated.jpg
H14,550,H14_01_FL3_merge.jpg,H14_01_FL3_merge_annotated.jpg
H15,488,H15_01_FL3_merge.jpg,H15_01_FL3_merge_annotated.jpg
H16,385,H16_01_FL3_merge.jpg,H16_01_FL3_merge_annotated.jpg
H17,466,H17_01_FL3_merge.jpg,H17_01_FL3_merge_annotated.jpg
H18,441,H18_01_FL3_merge.jpg,H18_01_FL3_merge_annotated.jpg
H19,465,H19_01_FL3_merge.jpg,H19_01_FL3_merge_annotated.jpg
H20,486,H20_01_FL3_merge.jpg,H20_01_FL3_merge_annotated.jpg
H21,530,H21_01_FL3_merge.jpg,H21_01_FL3_merge_annotated.jpg
H22,590,H22_01_FL3_merge.jpg,H22_01_FL3_merge_annotated.jpg
H2,444,H2_01_FL3_merge.jpg,H2_01_FL3_merge_annotated.jpg
H3,505,H3_01_FL3_merge.jpg,H3_01_FL3_merge_annotated.jpg
H4,423,H4_01_FL3_merge.jpg,H4_01_FL3_merge_annotated.jpg
H5,437,H5_01_FL3_merge.jpg,H5_01_FL3_merge_annotated.jpg
H6,464,H6_01_FL3_merge.jpg,H6_01_FL3_merge_annotated.jpg
H7,452,H7_01_FL3_merge.jpg,H7_01_FL3_merge_annotated.jpg
H8,493,H8_01_FL3_merge.jpg,H8_01_FL3_merge_annotated.jpg
H9,484,H9_01_FL3_merge.jpg,H9_01_FL3_merge_annotated.jpg
I10,641,I10_01_FL3_merge.jpg,I10_01_FL3_merge_annotated.jpg
I11,568,I11_01_FL3_merge.jpg,I11_01_FL3_merge_annotated.jpg
I12,491,I12_01_FL3_merge.jpg,I12_01_FL3_merge_annotated.jpg
I13,444,I13_01_FL3_merge.jpg,I13_01_FL3_merge_annotated.jpg
I14,552,I14_01_FL3_merge.jpg,I14_01_FL3_merge_annotated.jpg
I15,541,I15_01_FL3_merge.jpg,I15_01_FL3_merge_annotated.jpg
I16,494,I16_01_FL3_merge.jpg,I16_01_FL3_merge_annotated.jpg
I17,541,I17_01_FL3_merge.jpg,I17_01_FL3_merge_annotated.jpg
I18,521,I18_01_FL3_merge.jpg,I18_01_FL3_merge_annotated.jpg
I19,569,I19_01_FL3_merge.jpg,I19_01_FL3_merge_annotated.jpg
I20,513,I20_01_FL3_merge.jpg,I20_01_FL3_merge_annotated.jpg
I21,554,I21_01_FL3_merge.jpg,I21_01_FL3_merge_annotated.jpg
I22,624,I22_01_FL3_merge.jpg,I22_01_FL3_merge_annotated.jpg
I2,521,I2_01_FL3_merge.jpg,I2_01_FL3_merge_annotated.jpg
I3,568,I3_01_FL3_merge.jpg,I3_01_FL3_merge_annotated.jpg
I4,583,I4_01_FL3_merge.jpg,I4_01_FL3_merge_annotated.jpg
I5,510,I5_01_FL3_merge.jpg,I5_01_FL3_merge_annotated.jpg
I6,497,I6_01_FL3_merge.jpg,I6_01_FL3_merge_annotated.jpg
I7,459,I7_01_FL3_merge.jpg,I7_01_FL3_merge_annotated.jpg
I8,528,I8_01_FL3_merge.jpg,I8_01_FL3_merge_annotated.jpg
I9,513,I9_01_FL3_merge.jpg,I9_01_FL3_merge_annotated.jpg
J10,606,J10_01_FL3_merge.jpg,J10_01_FL3_merge_annotated.jpg
J11,557,J11_01_FL3_merge.jpg,J11_01_FL3_merge_annotated.jpg
J12,564,J12_01_FL3_merge.jpg,J12_01_FL3_merge_annotated.jpg
J13,625,J13_01_FL3_merge.jpg,J13_01_FL3_merge_annotated.jpg
J14,617,J14_01_FL3_merge.jpg,J14_01_FL3_merge_annotated.jpg
J15,621,J15_01_FL3_merge.jpg,J15_01_FL3_merge_annotated.jpg
J16,525,J16_01_FL3_merge.jpg,J16_01_FL3_merge_annotated.jpg
J17,641,J17_01_FL3_merge.jpg,J17_01_FL3_merge_annotated.jpg
J18,585,J18_01_FL3_merge.jpg,J18_01_FL3_merge_annotated.jpg
J19,600,J19_01_FL3_merge.jpg,J19_01_FL3_merge_annotated.jpg
J20,797,J20_01_FL3_merge.jpg,J20_01_FL3_merge_annotated.jpg
J21,732,J21_01_FL3_merge.jpg,J21_01_FL3_merge_annotated.jpg
J22,829,J22_01_FL3_merge.jpg,J22_01_FL3_merge_annotated.jpg
J2,464,J2_01_FL3_merge.jpg,J2_01_FL3_merge_annotated.jpg
J3,529,J3_01_FL3_merge.jpg,J3_01_FL3_merge_annotated.jpg
J4,500,J4_01_FL3_merge.jpg,J4_01_FL3_merge_annotated.jpg
J5,572,J5_01_FL3_merge.jpg,J5_01_FL3_merge_annotated.jpg
J6,585,J6_01_FL3_merge.jpg,J6_01_FL3_merge_annotated.jpg
J7,512,J7_01_FL3_merge.jpg,J7_01_FL3_merge_annotated.jpg
J8,569,J8_01_FL3_merge.jpg,J8_01_FL3_merge_annotated.jpg
J9,607,J9_01_FL3_merge.jpg,J9_01_FL3_merge_annotated.jpg
K10,594,K10_01_FL3_merge.jpg,K10_01_FL3_merge_annotated.jpg
K11,528,K11_01_FL3_merge.jpg,K11_01_FL3_merge_annotated.jpg
K12,403,K12_01_FL3_merge.jpg,K12_01_FL3_merge_annotated.jpg
K13,453,K13_01_FL3_merge.jpg,K13_01_FL3_merge_annotated.jpg
K14,420,K14_01_FL3_merge.jpg,K14_01_FL3_merge_annotated.jpg
K15,515,K15_01_FL3_merge.jpg,K15_01_FL3_merge_annotated.jpg
K16,393,K16_01_FL3_merge.jpg,K16_01_FL3_merge_annotated.jpg
K17,482,K17_01_FL3_merge.jpg,K17_01_FL3_merge_annotated.jpg
K18,452,K18_01_FL3_merge.jpg,K18_01_FL3_merge_annotated.jpg
K19,500,K19_01_FL3_merge.jpg,K19_01_FL3_merge_annotated.jpg
K20,613,K20_01_FL3_merge.jpg,K20_01_FL3_merge_annotated.jpg
K21,645,K21_01_FL3_merge.jpg,K21_01_FL3_merge_annotated.jpg
K22,809,K22_01_FL3_merge.jpg,K22_01_FL3_merge_annotated.jpg
K2,581,K2_01_FL3_merge.jpg,K2_01_FL3_merge_annotated.jpg
K3,590,K3_01_FL3_merge.jpg,K3_01_FL3_merge_annotated.jpg
K4,575,K4_01_FL3_merge.jpg,K4_01_FL3_merge_annotated.jpg
K5,475,K5_01_FL3_merge.jpg,K5_01_FL3_merge_annotated.jpg
K6,507,K6_01_FL3_merge.jpg,K6_01_FL3_merge_annotated.jpg
K7,442,K7_01_FL3_merge.jpg,K7_01_FL3_merge_annotated.jpg
K8,577,K8_01_FL3_merge.jpg,K8_01_FL3_merge_annotated.jpg
K9,559,K9_01_FL3_merge.jpg,K9_01_FL3_merge_annotated.jpg
L10,532,L10_01_FL3_merge.jpg,L10_01_FL3_merge_annotated.jpg
L11,561,L11_01_FL3_merge.jpg,L11_01_FL3_merge_annotated.jpg
L12,541,L12_01_FL3_merge.jpg,L12_01_FL3_merge_annotated.jpg
L13,609,L13_01_FL3_merge.jpg,L13_01_FL3_merge_annotated.jpg
L14,516,L14_01_FL3_merge.jpg,L14_01_FL3_merge_annotated.jpg
L15,543,L15_01_FL3_merge.jpg,L15_01_FL3_merge_annotated.jpg
L16,410,L16_01_FL3_merge.jpg,L16_01_FL3_merge_annotated.jpg
L17,575,L17_01_FL3_merge.jpg,L17_01_FL3_merge_annotated.jpg
L18,491,L18_01_FL3_merge.jpg,L18_01_FL3_merge_annotated.jpg
L19,485,L19_01_FL3_merge.jpg,L19_01_FL3_merge_annotated.jpg
L20,740,L20_01_FL3_merge.jpg,L20_01_FL3_merge_annotated.jpg
L21,786,L21_01_FL3_merge.jpg,L21_01_FL3_merge_annotated.jpg
L22,695,L22_01_FL3_merge.jpg,L22_01_FL3_merge_annotated.jpg
L2,661,L2_01_FL3_merge.jpg,L2_01_FL3_merge_annotated.jpg
L3,637,L3_01_FL3_merge.jpg,L3_01_FL3_merge_annotated.jpg
L4,629,L4_01_FL3_merge.jpg,L4_01_FL3_merge_annotated.jpg
L5,547,L5_01_FL3_merge.jpg,L5_01_FL3_merge_annotated.jpg
L6,560,L6_01_FL3_merge.jpg,L6_01_FL3_merge_annotated.jpg
L7,548,L7_01_FL3_merge.jpg,L7_01_FL3_merge_annotated.jpg
L8,381,L8_01_FL3_merge.jpg,L8_01_FL3_merge_annotated.jpg
L9,440,L9_01_FL3_merge.jpg,L9_01_FL3_merge_annotated.jpg
M10,370,M10_01_FL3_merge.jpg,M10_01_FL3_merge_annotated.jpg
M11,411,M11_01_FL3_merge.jpg,M11_01_FL3_merge_annotated.jpg
M12,390,M12_01_FL3_merge.jpg,M12_01_FL3_merge_annotated.jpg
M13,421,M13_01_FL3_merge.jpg,M13_01_FL3_merge_annotated.jpg
M14,460,M14_01_FL3_merge.jpg,M14_01_FL3_merge_annotated.jpg
M15,387,M15_01_FL3_merge.jpg,M15_01_FL3_merge_annotated.jpg
M16,438,M16_01_FL3_merge.jpg,M16_01_FL3_merge_annotated.jpg
M17,474,M17_01_FL3_merge.jpg,M17_01_FL3_merge_annotated.jpg
M18,387,M18_01_FL3_merge.jpg,M18_01_FL3_merge_annotated.jpg
M19,385,M19_01_FL3_merge.jpg,M19_01_FL3_merge_annotated.jpg
M20,780,M20_01_FL3_merge.jpg,M20_01_FL3_merge_annotated.jpg
M21,728,M21_01_FL3_merge.jpg,M21_01_FL3_merge_annotated.jpg
M22,790,M22_01_FL3_merge.jpg,M22_01_FL3_merge_annotated.jpg
M2,489,M2_01_FL3_merge.jpg,M2_01_FL3_merge_annotated.jpg
M3,408,M3_01_FL3_merge.jpg,M3_01_FL3_merge_annotated.jpg
M4,480,M4_01_FL3_merge.jpg,M4_01_FL3_merge_annotated.jpg
M5,455,M5_01_FL3_merge.jpg,M5_01_FL3_merge_annotated.jpg
M6,489,M6_01_FL3_merge.jpg,M6_01_FL3_merge_annotated.jpg
M7,381,M7_01_FL3_merge.jpg,M7_01_FL3_merge_annotated.jpg
M8,326,M8_01_FL3_merge.jpg,M8_01_FL3_merge_annotated.jpg
M9,403,M9_01_FL3_merge.jpg,M9_01_FL3_merge_annotated.jpg
N10,576,N10_01_FL3_merge.jpg,N10_01_FL3_merge_annotated.jpg
N11,572,N11_01_FL3_merge.jpg,N11_01_FL3_merge_annotated.jpg
N12,558,N12_01_FL3_merge.jpg,N12_01_FL3_merge_annotated.jpg
N13,540,N13_01_FL3_merge.jpg,N13_01_FL3_merge_annotated.jpg
N14,533,N14_01_FL3_merge.jpg,N14_01_FL3_merge_annotated.jpg
N15,529,N15_01_FL3_merge.jpg,N15_01_FL3_merge_annotated.jpg
N16,548,N16_01_FL3_merge.jpg,N16_01_FL3_merge_annotated.jpg
N17,526,N17_01_FL3_merge.jpg,N17_01_FL3_merge_annotated.jpg
N18,457,N18_01_FL3_merge.jpg,N18_01_FL3_merge_annotated.jpg
N19,473,N19_01_FL3_merge.jpg,N19_01_FL3_merge_annotated.jpg
N20,682,N20_01_FL3_merge.jpg,N20_01_FL3_merge_annotated.jpg
N21,758,N21_01_FL3_merge.jpg,N21_01_FL3_merge_annotated.jpg
N22,681,N22_01_FL3_merge.jpg,N22_01_FL3_merge_annotated.jpg
N2,578,N2_01_FL3_merge.jpg,N2_01_FL3_merge_annotated.jpg
N3,568,N3_01_FL3_merge.jpg,N3_01_FL3_merge_annotated.jpg
N4,546,N4_01_FL3_merge.jpg,N4_01_FL3_merge_annotated.jpg
N5,549,N5_01_FL3_merge.jpg,N5_01_FL3_merge_annotated.jpg
N6,571,N6_01_FL3_merge.jpg,N6_01_FL3_merge_annotated.jpg
N7,555,N7_01_FL3_merge.jpg,N7_01_FL3_merge_annotated.jpg
N8,444,N8_01_FL3_merge.jpg,N8_01_FL3_merge_annotated.jpg
N9,406,N9_01_FL3_merge.jpg,N9_01_FL3_merge_annotated.jpg
O10,448,O10_01_FL3_merge.jpg,O10_01_FL3_merge_annotated.jpg
O11,460,O11_01_FL3_merge.jpg,O11_01_FL3_merge_annotated.jpg
O12,462,O12_01_FL3_merge.jpg,O12_01_FL3_merge_annotated.jpg
O13,554,O13_01_FL3_merge.jpg,O13_01_FL3_merge_annotated.jpg
O14,449,O14_01_FL3_merge.jpg,O14_01_FL3_merge_annotated.jpg
O15,512,O15_01_FL3_merge.jpg,O15_01_FL3_merge_annotated.jpg
O16,535,O16_01_FL3_merge.jpg,O16_01_FL3_merge_annotated.jpg
O17,549,O17_01_FL3_merge.jpg,O17_01_FL3_merge_annotated.jpg
O18,541,O18_01_FL3_merge.jpg,O18_01_FL3_merge_annotated.jpg
O19,490,O19_01_FL3_merge.jpg,O19_01_FL3_merge_annotated.jpg
O20,502,O20_01_FL3_merge.jpg,O20_01_FL3_merge_annotated.jpg
O21,491,O21_01_FL3_merge.jpg,O21_01_FL3_merge_annotated.jpg
O22,540,O22_01_FL3_merge.jpg,O22_01_FL3_merge_annotated.jpg
O2,437,O2_01_FL3_merge.jpg,O2_01_FL3_merge_annotated.jpg
O3,387,O3_01_FL3_merge.jpg,O3_01_FL3_merge_annotated.jpg
O4,509,O4_01_FL3_merge.jpg,O4_01_FL3_merge_annotated.jpg
O5,450,O5_01_FL3_merge.jpg,O5_01_FL3_merge_annotated.jpg
O6,508,O6_01_FL3_merge.jpg,O6_01_FL3_merge_annotated.jpg
O7,533,O7_01_FL3_merge.jpg,O7_01_FL3_merge_annotated.jpg
O8,494,O8_01_FL3_merge.jpg,O8_01_FL3_merge_annotated.jpg
O9,415,O9_01_FL3_merge.jpg,O9_01_FL3_merge_annotated.jpg
